symbol	arm	pair	topic	operations
ergo_probe_decode_entry_point	ergon	decode_entry_point	decode	10000
tool_probe_decode_entry_point	sbe-tool	decode_entry_point	decode	10000
ergo_probe_decode_composite	ergon	decode_composite	decode	10000
tool_probe_decode_composite	sbe-tool	decode_composite	decode	10000
ergo_probe_decode_full_message	ergon	decode_full_message	decode	10000
tool_probe_decode_full_message	sbe-tool	decode_full_message	decode	10000
ergo_probe_decode_full_message_ordered	ergon	decode_full_message_ordered	decode	10000
tool_probe_decode_full_message_ordered	sbe-tool	decode_full_message_ordered	decode	10000
ergo_probe_decode_full_message_mutable_ordered	ergon	decode_full_message_mutable_ordered	decode	10000
tool_probe_decode_full_message_mutable_ordered	sbe-tool	decode_full_message_mutable_ordered	decode	10000
ergo_probe_optional_enum_nullify	ergon	extended_optional_enum_nullify	extended	10000
tool_probe_optional_enum_nullify	sbe-tool	extended_optional_enum_nullify	extended	10000
ergo_probe_group_with_data	ergon	extended_group_with_data	extended	10000
tool_probe_group_with_data	sbe-tool	extended_group_with_data	extended	10000
ergo_probe_encode_scalar_header_and_body	ergon	encode_scalar_header_and_body	encode	10000
tool_probe_encode_scalar_header_and_body	sbe-tool	encode_scalar_header_and_body	encode	10000
ergo_probe_encode_throughput	ergon	encode_throughput_10k	encode	10000
tool_probe_encode_throughput	sbe-tool	encode_throughput_10k	encode	10000
ergo_probe_wire_parity_encode_full	ergon	wire_parity_encode_full	encode	10000
tool_probe_wire_parity_encode_full	sbe-tool	wire_parity_encode_full	encode	10000
ergo_probe_encode_composite	ergon	encode_composite	symmetry	10000
ergo_probe_encode_group_entry	ergon	encode_group_entry	symmetry	10000
ergo_probe_decode_vardata	ergon	decode_vardata	symmetry	10000
